1.1863,1.0462,1.2656,1,2.0439,1.1086,1.345,1,1.0879,0.82204,0.79935,1,1.3722,0.99428,0.79476,1,0.79765,0.89535,1.1003,0,1.0641,0.77411,0.90096,0,0.802381407,0.749316882,0.754393537,0
0.78094,1.0599,0.98368,0,1.5065,0.86113,0.69127,1,0.74498,0.80396,1.0613,0,3.4433,1.1414,1.1607,1,1.0828,0.679,0.84536,0,0.59157,1.2253,0.49607,0,1.89091514,0.850305334,0.777880721,1
0.77115,1.2184,0.91537,0,0.97485,0.72564,0.70009,0,1.0818,1.5119,1.0966,1,1.1478,0.96831,1.26,1,1.184,1.2398,1.43,0,0.79789,0.8174,0.94719,0,1.894692674,1.137228292,1.425626312,1
0.94126,0.95618,1.3166,0,2.5314,1.1971,0.92274,1,1.0817,1.3423,0.94258,0,1.0529,0.89437,0.94472,1,0.83166,0.83668,1.291,0,0.9475,0.91535,0.45288,1,1.023934283,1.020134386,0.91182121,1
0.75165,0.8155,0.60878,0,1.7921,1.1482,0.85519,1,4.3896,1.0571,1.081,1,0.82439,0.73275,0.66798,0,1.1174,0.82562,1.3748,1,0.91286,0.96331,0.95523,0,1.105384918,1.214371971,1.167585131,0
0.91874,0.90845,1.034,0,0.93614,0.88193,1.2693,0,1.1282,1.2569,1.5231,0,0.90068,1.2376,0.81876,0,1.1718,1.2683,1.0372,0,1.38,1.5322,0.85326,1,0.680541095,1.23539599,1.124668447,0
0.82557,1.5824,1.4288,1,0.92091,0.98907,0.89663,0,2.8936,0.71748,0.80412,1,1.0987,0.76512,0.82717,0,0.81701,1.4487,0.85334,0,1.1838,1.2854,0.94364,1,0.767026279,0.60766881,0.803933668,0
1.1149,0.93119,1.2392,1,0.70963,1.4439,0.82366,0,1.0471,0.8731,0.80428,0,1.2014,0.91553,0.98982,1,1.5446,1.5835,0.80049,1,1.2553,0.80978,1.0441,1,0.739019162,1.164746148,0.837931946,0
0.82407,0.72327,0.61718,0,1.5637,1.2263,1.0349,1,1.0822,0.90374,0.91374,1,1.4816,0.8098,0.886,1,1.5065,0.86555,1.2773,1,1.118,1.1383,0.9836,0,1.398891675,1.464615496,1.522678989,1
1.067,0.9391,1.1792,0,1.3989,0.97478,1.1101,1,0.88359,1.1258,0.98942,0,1.0609,1.1154,1.0242,0,1.5268,0.79028,1.3935,1,1.0725,0.93201,0.88601,0,1.074854425,0.87559683,0.902339191,0
4.3517,1.0841,1.2849,1,0.79678,0.99531,1.0029,0,1.0059,0.6237,1.2521,0,1.147,1.2345,1.1811,0,2.0161,1.0259,0.94213,1,0.97351,1.184,0.75179,0,0.764725116,1.020791728,0.871974663,0
0.71995,1.2612,0.96862,0,1.9258,1.183,0.63954,1,2.118,0.97338,1.0274,1,1.1193,0.72381,1.1027,1,1.1559,1.6843,0.95685,0,1.2036,0.89718,1.2799,1,0.84973863,0.893429321,1.164420221,0
1.1798,1.2738,0.76654,0,0.89572,0.69492,1.0701,0,1.173,1.6175,1.3973,1,1.3096,1.0689,0.65261,1,1.6364,1.2301,1.1783,1,1.3401,1.3016,1.0894,1,1.964132397,0.87808952,1.307073615,1
1.4076,0.8158,1.1915,0,1.2524,1.0229,1.1398,1,3.5619,1.0517,0.94827,1,1.3362,1.1765,0.78765,1,1.8182,1.3116,0.77204,1,1.4386,0.62905,1.1324,0,1.66713157,1.150842051,0.971713062,1
1.0484,0.74636,0.97762,0,1.7224,1.151,1.1208,1,0.69731,0.70593,1.1746,0,0.8087,0.84127,1.0123,0,1.1061,1.3941,0.92674,0,1.109,0.80906,0.77185,1,1.54842465,0.916862801,0.956895371,1
1.9639,1.3207,0.85452,1,1.1494,1.1136,0.99195,0,1.0748,0.94302,1.105,0,1.2785,1.1493,0.88229,0,0.96067,0.93716,0.83799,0,1.8788,1.2093,1.1336,1,1.861287676,1.707332176,1.213420502,1
1.5656,1.0845,0.90403,1,1.3247,1.0406,0.99605,1,2.308,1.2018,0.98656,1,0.83084,0.80752,0.66357,0,1.1294,1.027,1.011,1,1.5544,1.0008,0.94428,1,1.267939914,0.991452585,0.73398871,1
1.2909,1.1817,1.0003,1,0.85317,0.93167,0.83576,0,0.80753,1.0176,0.8353,0,1.4222,1.0559,0.82608,0,1.0459,1.0359,0.71313,0,1.1423,1.109,0.84049,0,1.052188312,0.999581902,0.894353805,0
0.89913,0.86262,1.224,0,1.079,0.75608,1.3,0,1.0113,1.194,0.70389,0,1.0851,0.87879,1.2829,0,0.48238,1.0076,0.6939,0,1.1482,1.1764,1.3053,0,1.58792235,1.001659152,1.048693348,1
0.78271,1.0349,0.75433,1,1.1779,0.72623,1.4648,0,0.8973,1.1198,0.67282,1,0.95524,0.9333,0.96259,0,0.91016,1.0196,0.80334,0,2.2862,0.83393,1.2505,1,1.067073586,0.651410581,1.243527262,0
1.1937,0.91979,1.0435,0,1.1365,1.2993,1.3428,1,1.5055,0.7803,0.97694,1,1.0568,1.0991,1.1491,0,1.0451,0.81366,0.84282,0,0.97506,0.92224,0.90802,0,0.75967602,1.065398827,1.172537493,0
0.67816,0.99095,1.2345,0,1.46,1.1488,0.72788,1,2.1398,0.93268,1.1493,1,1.5414,0.84318,0.953,0,1.7693,1.2458,0.99048,1,1.1691,0.70059,0.82142,0,1.171126447,0.990430763,1.074871766,1
1.2941,1.1635,0.85711,0,0.97221,1.5598,1.0157,0,1.5606,0.85076,0.9692,0,1.164,0.62664,0.9602,0,1.4635,1.229,1.0828,1,1.1453,1.108,0.80998,0,2.303974704,1.44305099,1.335020991,1
1.1273,0.88761,1.3762,1,0.74468,0.97923,1.6266,0,1.6047,1.0186,1.1585,0,1.0723,1.2634,1.187,0,1.0585,0.98996,0.941,0,1.2339,1.0447,1.0199,0,1.824238264,1.138165794,1.139290117,1
0.93584,0.97199,0.73036,0,0.83568,0.90329,0.99252,1,1.285,0.83235,1.0327,1,0.75194,0.8627,1.4086,0,0.97285,0.97826,0.7963,1,1.9298,1.1999,0.66199,1,1.98766723,1.250267937,0.964657859,1
0.70302,0.99191,1.3752,0,0.55752,0.82079,0.76739,0,1.3094,0.86646,1.1686,1,1.3159,1.8073,1.0203,1,1.3796,1.3228,0.80874,1,0.67594,0.77989,1.1084,0,1.045892651,0.962680875,1.216117898,0
1.5824,0.95699,1.1519,1,1.0273,0.863,0.81084,0,1.3882,0.76661,1.2132,0,0.83169,0.77734,1.1132,0,1.0427,0.93996,1.1028,1,1.2155,1.1007,0.87878,0,2.061502417,1.499867447,1.08386752,1
1.0211,0.99449,0.98457,0,1.7872,1.3201,1.0577,1,1.0072,1.3121,0.89178,0,0.92045,1.082,1.2345,0,1.3543,0.86263,0.91192,1,1.2811,0.91031,1.0305,0,1.682013686,1.100563709,1.406760239,1
4.0645,1.1952,0.6844,1,1.4416,1.3043,1.1539,1,1.2457,0.76757,1.1797,0,2.1579,1.0847,1.0365,1,2.1834,0.90357,0.82025,1,1.2117,0.98579,0.81693,0,1.068735916,0.818356639,1.081653102,0
1.0801,1.0323,1.1286,0,0.78455,1.5966,0.57518,1,1.1396,1.163,0.63455,0,1.07,1.105,1.0888,0,1.374,1.1888,0.90989,1,1.416,0.9459,0.92891,0,0.643337805,1.024974793,0.775111833,0
0.8804,0.90375,1.2613,0,1.2576,1.0279,0.97849,1,2.2345,0.92445,1.158,1,1.3325,0.92882,1.29,0,1.5352,1.1182,0.96979,1,0.75945,1.0246,0.7851,0,0.881762794,0.89800825,1.395377478,0
1.0459,0.62641,1.0072,0,1.0443,0.79627,0.92421,1,1.052,1.0049,0.80893,0,0.95656,1.2216,1.0068,0,3.5983,0.75009,1.2806,1,1.1386,1.1064,1.416,1,1.462486249,0.898251446,0.841560426,1
1.1904,1.4108,0.81603,1,1.3996,0.96018,0.92896,1,0.96345,1.4547,1.0065,1,1.0508,0.9122,1.3696,0,2.3664,0.95392,0.68097,1,1.3606,1.008,0.70908,1,0.954402921,0.952694631,0.678974518,0
1.4472,0.69665,0.86128,1,2.0307,1.4556,1.111,1,0.8994,0.94711,0.55625,0,1.1137,0.79126,1.1715,0,1.4161,1.0227,0.89236,1,1.7987,0.78606,1.1649,1,1.722188855,1.325426546,1.218751222,1
0.98942,1.0501,1.0248,1,1.8757,1.9539,0.8984,1,1.0086,0.86658,0.83261,1,1.8293,1.1437,0.69719,1,0.88646,0.92793,1.2111,0,0.96101,1.1348,0.74138,0,1.473877718,0.977430666,1.032111769,1
1.2822,1.0471,1.1508,1,0.95407,0.9347,0.96996,0,1.0828,0.92629,0.90104,1,1.1401,1.2011,0.75519,0,1.3867,0.95383,0.47573,0,1.5426,0.77377,1.4637,1,1.141766119,0.854642511,0.852655327,0
1.1452,1.1419,1.4604,0,1.209,1.0218,1.1078,1,1.0697,0.9374,1.3771,0,3.7461,1.6177,1.2102,1,1.0345,0.87296,1.163,0,1.328,1.1114,1.0678,1,1.289277106,1.512224468,1.071559632,1
1.4229,1.2527,1.1926,1,1.4215,0.95812,1.0196,0,0.98489,0.67566,0.87566,1,0.9106,1.0089,1.0403,0,1.0258,0.90816,0.9355,0,1.4385,0.94327,1.1748,0,0.740598579,1.110551862,0.931972673,0
2.7004,1.0725,1.3728,1,1.6175,1.3379,0.95316,1,1.8755,0.65286,1.1544,1,1.1334,0.97624,0.86005,1,0.95225,1.271,1.0832,1,2.2299,1.1056,1.3003,1,2.066019716,1.02087467,1.142670329,1
4.0278,0.86177,1.2094,1,0.78606,1.0412,0.95793,0,1.0242,0.82785,1.0825,0,0.98746,1.0908,0.65135,0,1.2582,0.74406,1.2863,1,0.77504,0.92359,1.2808,0,2.012789631,1.634170819,0.891315138,1
0.94576,1.2592,1.1536,1,0.87951,0.80819,0.78479,0,0.86948,1.0718,1.2832,1,0.98663,1.1161,1.0146,0,0.86204,1.1029,1.174,0,0.58823,0.87994,1.2206,0,1.198591503,0.995378719,1.277875686,1
1.1152,1.1567,0.97615,1,1.1522,1.117,1.1053,1,1.1367,1.0129,0.97808,0,1.7614,0.87915,1.0858,1,1.8858,1.3069,0.92752,1,1.2454,0.84487,1.4246,1,1.286558977,1.164133578,0.830489935,1
1.3027,0.98896,0.8578,1,2.6823,1.1339,1.1025,1,1.51,1.1722,1.7431,1,1.3678,1.3646,0.88,0,1.6498,0.76541,0.92595,1,1.0287,1.1872,0.83487,0,1.995301291,1.083342378,1.154032925,1
0.9108,0.99701,1.2646,0,0.84006,0.96916,0.82,0,1.1726,0.76341,1.3271,0,1.2077,0.98391,1.0172,0,1.1806,1.1746,0.94619,1,1.6585,1.2323,1.037,1,1.97667731,0.600614382,1.261000679,1
0.83004,0.86582,0.79927,1,1.1954,0.85697,0.95626,1,1.1697,1.1592,1.1271,1,4.2988,1.5285,0.88608,1,1.1566,1.3096,1.1616,0,1.3891,1.443,0.79171,1,1.567991905,1.424840539,1.606329042,1
3.1189,1.2428,0.86595,1,0.99989,0.65763,0.95353,1,0.79279,1.162,0.90422,0,2.3333,0.96704,0.97917,1,1.3888,0.77601,1.4589,1,0.87237,1.3869,0.84101,1,1.137812943,0.984232448,0.929828111,0
0.87662,1.4498,1.1021,0,0.8534,1.0643,0.86125,0,0.85434,1.1911,0.8774,1,0.99336,1.2468,1.4215,1,2.0777,1.025,0.91085,1,2.5095,1.2048,1.0288,1,1.415326956,1.4283696,1.014993773,1
0.80393,1.0194,1.2607,0,0.90112,0.98828,1.0168,0,0.58585,0.80056,0.85636,0,1.0157,0.63218,1.3497,1,0.94241,0.98672,0.71664,0,0.87492,0.98063,1.2043,1,1.682324526,1.159503994,0.82105858,1
1.1111,0.74547,0.94775,1,1.6272,1.3585,0.91503,1,0.79756,1.2088,0.80545,0,0.80852,0.98679,0.99716,0,1.1036,1.0675,1.0948,0,0.9275,0.60473,1.4592,1,1.160865004,1.13101777,0.971762579,0
1.2168,0.79128,0.77095,1,1.0554,0.84551,1.3571,0,1.0596,1.3316,1.453,1,0.95304,0.77727,0.93805,0,0.8631,1.1551,1.3735,1,1.3369,0.91692,0.92261,1,0.850896389,0.817377175,1.16145102,0
1.3996,1.0857,0.93818,1,1.4958,0.77163,0.72808,0,1.1115,0.99881,0.84501,0,0.96304,1.0327,1.0905,0,1.2389,1.2687,0.87211,0,1.1076,0.79032,1.1092,0,0.789437876,1.124608216,1.326898289,0
1.1788,1.221,1.1907,1,0.75672,1.0799,1.253,0,1.2655,0.85629,0.93498,1,1.043,0.76343,0.89497,0,1.0846,0.78493,0.77201,0,1.5811,1.5783,1.3047,1,1.930513711,0.803041761,0.897195768,1
1.2971,0.91566,0.73335,0,0.60205,0.82057,1.2956,0,0.9853,0.89795,0.77935,1,2.8759,0.99493,1.3379,1,1.7033,1.0491,1.1477,1,1.8549,0.9954,1.0944,1,1.977099346,1.259619626,1.034627167,1
1.012,1.0442,0.76697,1,1.3684,1.1716,0.79098,1,0.96047,1.037,0.92704,0,1.2335,1.4011,0.64662,1,1.8322,1.2529,0.77531,1,0.76057,1.1473,0.84993,0,2.028815468,1.09940959,0.873464835,1
1.2407,0.97892,1.1088,0,1.592,1.1233,0.99709,1,2.6049,0.98563,1.0443,1,0.97792,0.80042,1.3641,1,0.9355,1.2094,0.91928,0,1.3588,1.0171,0.56716,0,0.615889954,1.25742251,0.820737198,0
1.0889,1.0181,1.1469,0,2.8069,1.2456,1.3032,1,1.1937,0.78575,0.84447,0,1.0353,1.1461,0.77486,0,1.2618,1.2467,1.2759,1,1.1207,0.81394,1.0626,1,0.864576983,1.11133493,1.152532723,0
1.0935,0.73183,0.80287,0,1.0817,0.87855,1.1983,0,0.7924,0.92535,0.94302,0,0.92355,1.0707,0.95843,0,0.69399,1.1752,0.74134,0,1.1737,0.95557,1.0967,0,0.77272763,0.751185993,1.330367564,0
0.79345,1.2316,0.7603,0,1.0769,1.2024,0.5076,0,2.5046,0.93686,0.81137,1,1.5217,0.9819,1.6489,1,0.83161,0.76894,0.87347,0,0.87319,1.0122,0.62448,1,1.178037336,1.061494705,1.059443418,0
1.2979,1.1306,0.91105,1,0.67091,0.75248,1.1887,0,0.87095,0.79064,0.85262,1,1.2085,1.239,0.94722,1,1.4611,1.3263,0.99748,1,0.94747,0.96974,1.1904,0,0.856199279,1.067939198,1.19945285,0
1.0281,1.1028,1.2434,0,1.2908,1.6158,1.0823,1,0.84898,1.35,0.98854,0,0.73627,0.74903,1.0943,0,1.4089,1.0364,0.72152,1,0.99578,0.9556,0.86078,0,1.115004658,0.655333535,1.041868049,0
1.0535,0.89431,1.2679,0,0.85635,0.99557,1.4185,1,0.97835,1.2361,0.85019,0,0.81063,1.0332,1.386,0,0.87851,0.99949,1.4895,0,1.6851,1.4589,0.79313,1,1.515781126,1.274669278,1.102420504,1
0.85576,0.83243,0.87552,0,1.6369,1.4619,1.0582,1,1.1264,1.2582,1.0271,1,1.7097,0.69943,1.4558,1,1.891,1.0248,0.84968,1,1.7627,1.0953,1.1806,1,2.521028603,0.974411816,0.94567978,1
1.5276,1.1221,1.2559,1,1.2147,1.5009,1.0399,1,1.4234,1.1679,0.81423,1,0.79257,1.0009,0.90778,0,4.3273,0.96741,1.0432,1,2.1303,0.8054,0.88236,1,1.088650323,0.949137825,0.978788933,0
1.9963,1.3655,0.81392,1,1.1207,1.2557,1.0645,0,1.5804,1.0178,1.0259,1,1.0753,1.1578,1.3452,0,3.1069,2.0346,0.91699,1,2.7058,1.4151,0.54235,1,1.618767594,0.674106827,0.781552484,1
1.153,0.6535,0.96684,0,0.73292,1.0665,0.75228,1,1.0257,1.0007,1.361,1,1.325,0.8559,0.95779,1,1.3493,0.90509,1.156,0,1.3722,1.1801,1.2316,0,1.001997993,1.006614774,1.042971724,0
0.86164,1.1743,0.9109,0,1.8305,0.81906,0.95174,1,1.755,1.1073,1.2545,1,1.8729,1.3517,1.2076,1,2.0836,0.99777,0.98728,1,1.2561,0.89833,1.0369,0,1.044740648,1.191170997,0.81320452,0
1.8167,1.2678,0.60858,1,1.0616,0.9195,1.291,0,1.4874,1.6966,1.3523,1,0.8907,1.4528,1.234,1,1.7622,0.98808,0.9793,1,1.1144,1.5166,0.70642,0,1.44973988,1.25780728,1.519300728,1
1.5817,1.3405,1.2323,1,1.1256,1.4918,1.0006,1,0.91625,0.83049,1.1581,1,0.63878,1.3963,0.77597,0,1.4662,1.3013,0.82027,1,0.99882,1.1466,1.096,0,0.966377097,1.197616251,1.20142268,0
0.98826,0.96791,1.0533,0,1.1706,1.3417,0.73929,1,1.0306,1.0805,1.3606,1,1.0269,1.018,1.0826,0,2.833,1.6028,0.9813,1,2.0691,1.1437,1.2675,1,0.898475621,0.997957527,0.827611983,0
0.7891,0.69549,1.0168,0,0.72862,0.91886,0.89343,0,1.3067,1.217,0.78997,1,1.7165,1.1823,0.79473,1,1.4735,1.2955,1.3208,1,1.1244,1.7049,1.282,0,1.042389286,0.950355153,1.121933959,0
1.0928,0.80083,0.803,0,1.8379,1.0786,0.93287,1,0.86644,0.96552,1.1807,1,1.7559,0.99452,1.1306,0,0.97101,0.51378,0.84607,0,1.0051,1.0495,1.1813,0,2.080712836,0.833167813,0.887066061,1
0.79103,1.3276,0.96241,0,1.2809,1.0869,0.72007,1,1.5714,1.4633,1.1537,1,1.5752,1.3784,1.2174,1,0.65611,0.75608,1.0863,0,1.2666,0.94824,0.86396,0,0.867512739,1.138175123,1.035686042,0
0.94325,0.7664,0.81789,0,1.2824,1.1306,0.77576,0,2.418,1.0834,1.0061,1,1.1977,1.1532,0.83743,0,1.3809,1.2245,1.3463,1,1.0151,1.4873,1.1011,1,2.017423892,1.128817148,1.144572759,1
1.0018,1.1863,1.002,0,0.95861,1.0002,1.2133,0,1.363,1.5724,1.2405,1,0.75349,0.98503,1.2887,0,1.5265,0.92198,0.85172,1,2.0627,1.2127,0.91055,1,1.214190693,1.16085862,1.097708127,0
1.7017,1.2482,1.1588,1,1.917,0.92229,0.81856,1,1.9543,1.2315,1.0976,1,1.2142,1.857,0.84639,1,1.1941,1.0744,0.89935,1,1.9243,1.1597,1.1266,1,1.796084766,1.175497335,0.951231837,1
1.2984,1.6252,1.1039,1,1.3598,0.84674,0.84472,0,1.1321,1.0011,1.3924,1,1.1442,1.0911,0.84697,0,1.1704,0.82615,0.9267,0,1.0959,1.1347,0.88686,1,1.831346329,0.994675023,1.097759321,1
1.1801,0.80303,0.85847,0,0.95201,1.0541,0.74745,0,1.4741,1.4719,0.91913,1,0.51757,0.93627,1.038,0,1.082,0.8434,0.81718,0,1.0842,1.2097,1.1939,1,1.96644402,0.649899373,1.363181636,1
1.4093,1.0085,0.75683,1,1.1001,0.77507,1.1599,0,0.97839,1.1512,1.1709,0,0.88085,1.2617,1.3102,0,0.96566,1.0252,1.0013,0,0.91976,1.0803,0.83042,0,0.981323569,1.302476167,0.878437981,0
2.7644,1.1156,0.95941,1,0.57974,1.0244,0.85429,0,1.1379,1.1261,0.88219,0,0.85218,1.0663,0.80281,0,1.515,0.63152,1.366,1,2.0708,1.2274,1.1801,1,1.303119605,0.99404396,1.338276221,1
1.0239,0.83396,0.95694,0,1.9537,1.3027,0.6054,1,1.1655,0.96679,1.0015,0,0.90053,0.6756,1.2458,0,1.9411,1.3312,1.1267,1,1.5559,0.95571,0.87069,1,1.229759996,0.813025803,1.124517689,0
1.076,1.5327,0.67977,1,1.123,1.2845,0.77123,1,1.1628,0.81342,0.80431,1,1.0237,0.69931,1.0027,0,1.2614,0.76824,0.75143,1,1.608,0.87733,1.117,1,0.980985206,0.790313477,0.874034437,0
0.87531,0.92813,1.2278,1,1.0409,1.3183,0.8987,0,0.95657,0.95873,1.222,0,1.627,1.0868,0.76389,1,1.3144,1.065,1.3877,1,1.4392,1.2049,1.2581,1,1.538605218,1.042860512,1.075130336,0
0.78285,1.0484,0.94746,1,0.97293,1.0596,1.0215,0,0.9421,0.95626,0.87427,0,0.85753,1.2981,1.1624,0,2.0637,1.14,1.3626,1,1.3304,0.74363,1.0866,0,0.861072168,1.075097183,0.701229877,0
0.86056,1.0261,0.90778,1,1.7159,1.3038,1.0931,1,1.2222,0.88585,0.83014,0,1.0203,0.72598,0.73542,0,1.1146,1.0643,1.0971,1,1.4174,0.9526,0.91888,1,1.239495162,1.426780611,0.923589922,0
1.0856,0.87702,1.0306,0,1.5113,1.2723,0.99078,1,0.89459,0.88076,1.6109,1,0.84829,1.5265,0.92448,1,0.90749,0.9959,0.99605,0,1.5164,1.006,0.84937,1,1.25963656,1.202903778,1.21086651,1
1.392,1.0853,1.1378,1,0.98357,0.80818,1.2304,0,1.4592,0.75399,0.97437,1,3.534,1.0359,1.3788,1,0.99101,1.1342,0.87233,0,0.93107,0.86985,0.70056,0,1.364660593,1.392797494,1.1445124,1
0.92001,1.0825,0.57952,0,1.1047,0.97086,0.95235,0,0.85917,0.99421,1.2743,0,1.289,1.0965,1.1043,1,0.93553,0.95519,0.74442,1,1.1181,0.51112,1.0093,0,0.93810924,0.748846469,0.859870431,0
0.88874,1.1784,0.99516,0,1.0654,1.1494,1.1172,0,1.169,1.0634,0.75929,0,1.0585,1.2204,0.91113,0,0.95153,0.96155,1.1533,1,1.8584,1.3878,1.0453,1,0.880241699,1.23787789,1.027768254,0
2.0416,0.96449,0.87828,1,1.3421,1.2639,1.2168,1,0.81065,0.89926,1.1105,0,4.7102,0.88557,1.1734,1,1.0256,1.0663,1.1872,0,1.7156,0.86659,0.95709,1,1.811895423,1.372463636,0.830839147,1
1.1283,0.96094,0.82254,0,2.4749,1.105,0.91816,1,1.1519,0.74951,0.86248,1,1.8156,0.93073,0.92541,1,0.83848,0.879,1.4355,0,1.2361,1.2394,0.85014,1,1.935300476,0.916579539,0.699089237,1
0.98068,0.77622,0.74949,0,1.5251,1.2795,1.2216,1,1.8951,1.2374,1.1196,1,1.6517,0.99221,1.1746,1,0.9894,0.91172,1.4698,0,0.82356,0.92534,0.51583,1,1.644601763,1.065882178,0.791754374,0
1.2508,1.4167,1.084,1,1.5352,0.82249,0.81226,1,1.2339,0.73361,1.0729,1,1.1698,0.90494,0.6316,0,1.4916,1.8941,1.2784,1,0.88818,0.67961,1.0932,0,0.795077598,1.14014749,1.268914593,0
0.80507,1.0315,0.94257,0,2.2999,0.74346,1.1488,1,1.4813,1.5461,0.87936,1,1.6583,0.89945,0.97403,1,1.4388,0.55521,0.97382,1,1.4391,0.98601,0.84095,1,1.029627474,1.067839286,1.083522752,0
0.86489,0.91287,1.4807,0,1.388,1.0502,0.96435,1,1.1291,1.1388,1.0281,1,1.0738,0.79965,0.72815,0,0.96318,1.0526,1.2475,1,1.2362,0.87469,0.85779,0,1.510981675,1.262624461,1.333903917,1
1.009,0.80461,0.9066,1,2.7602,2.0219,0.92454,1,0.94936,0.95651,0.90584,0,1.4384,1.0706,0.76024,1,1.2513,1.1852,1.0912,1,1.5589,0.72413,0.98466,1,1.095305646,1.048214662,0.959365919,0
0.89356,1.0419,1.0117,0,1.6602,1.1078,1.1081,1,1.0046,0.93254,0.6544,0,1.9722,1.5411,1.2663,1,1.5355,0.84325,0.92666,1,1.3551,0.87761,1.2053,0,1.546427014,1.238389978,0.926428261,1
2.0142,0.92852,1.3272,1,1.1373,0.96887,1.2405,1,1.2536,1.4615,0.88491,0,1.2035,0.74197,1.2369,0,1.1764,1.3335,0.64693,0,2.1024,1.5589,1.2389,1,1.811205982,1.013046375,0.879117836,1
0.97606,1.2784,0.95473,0,0.89338,0.8453,1.1831,0,0.95335,1.2911,0.72846,1,1.6376,0.93139,1.1048,1,1.3703,0.95807,0.92799,1,0.92173,1.2823,0.84965,0,1.839989029,1.350066193,0.756214495,1
2.0951,0.92466,0.94546,1,1.7528,0.99454,1.2224,1,0.93412,1.0596,1.1568,0,0.94217,1.2363,0.95249,0,1.8487,1.0425,1.1801,1,1.0592,1.3267,1.0193,0,1.176399228,1.161223867,0.84040558,0
0.82316,0.98707,0.65358,1,1.0724,0.9789,1.0114,0,2.5974,1.0784,1.1829,1,0.87045,0.62507,1.4995,0,1.0399,0.87298,1.0607,0,1.1786,1.1505,0.99824,0,2.01061483,0.975146316,0.980425374,1
1.7809,1.2802,0.83678,1,0.83224,0.95384,0.82052,0,0.94766,0.82327,0.70242,0,0.7695,0.7435,1.2691,1,0.85619,1.2183,0.88176,1,1.0551,1.081,1.1509,0,0.772096112,1.12561989,1.101640218,0
0.81012,0.7036,1.1484,0,1.646,1.1806,1.0733,1,0.8757,1.109,0.90363,1,0.87542,0.75136,0.72992,0,1.1136,0.72281,1.1907,0,1.5061,1.301,1.0451,1,1.819065719,1.136027985,1.042860334,1
0.91298,1.1563,0.83215,0,1.2734,1.2382,1.0071,0,1.7435,1.1071,0.991,1,1.0544,0.83947,1.3223,1,0.92082,0.94815,0.79518,0,1.645,1.2042,1.3154,1,1.408320363,1.312574938,1.435692987,1
2.4166,0.84781,1.1195,1,0.87413,0.84682,0.69626,0,0.94603,0.93079,0.83052,1,4.5916,1.5158,0.98496,1,2.3412,1.4059,1.4732,1,0.83928,0.8671,1.1956,0,0.662651859,1.23679534,0.797822471,0
1.1879,0.78985,0.68206,0,1.5551,1.0738,1.0844,1,1.2155,0.71191,0.68467,0,0.86366,1.2773,1.1148,0,0.5743,1.1554,0.54086,0,2.5229,1.1912,0.91954,1,1.215756756,0.820174237,1.345621948,0
1.8351,1.3266,0.97694,1,1.0502,0.81629,0.90322,0,3.9688,1.3368,0.98191,1,1.2601,0.82356,1.1647,0,1.1282,0.98521,1.2274,1,0.95404,1.0988,0.79791,0,2.022697225,1.673601829,1.13599669,1
1.4835,0.84143,1.1976,0,1.8058,1.1894,1.006,1,1.0029,1,1.0119,0,1.1237,0.85564,1.2561,0,1.6836,0.92443,1.232,1,1.1884,0.96433,1.0765,0,1.165017373,1.039311039,0.936002869,0
1.2977,0.77767,0.71629,0,0.74415,0.91743,0.91432,0,1.7815,0.88825,1.2378,1,1.1156,1.1885,1.062,0,0.93286,0.70599,1.1473,0,0.75834,1.2433,1.0175,1,1.144501138,0.833713091,0.915864973,0
0.8566,0.88418,1.0639,0,1.2674,1.1617,1.1257,1,1.3542,1.0393,1.0424,0,1.1795,1.0073,1.3179,1,1.1977,0.93414,1.2304,1,1.1985,0.99106,1.305,0,1.116500842,1.427097521,0.933585864,0
0.84937,1.3109,0.66139,0,0.67766,1.0116,1.116,0,0.92478,1.0641,0.86625,0,1.1716,0.79806,0.8374,0,0.70623,1.4602,1.0021,0,1.6871,1.3426,0.79759,1,1.662164132,1.348175743,1.010889918,1
0.94537,0.94404,0.71793,0,0.8231,1.0632,1.3863,0,2.679,0.98171,0.7867,1,1.5612,0.80018,1.1123,1,1.6651,1.0999,1.0505,1,0.77449,0.58293,0.85534,0,1.098114525,1.163833413,1.072887949,0
1.8149,1.3376,1.121,1,0.84085,1.7132,0.99081,0,0.99456,1.1806,0.96336,0,0.99327,1.2287,1.1661,1,1.9426,1.3667,0.98814,1,1.5086,1.1594,1.5481,1,2.072397323,1.15096874,1.006657896,1
1.9919,0.82572,1.0765,1,1.9732,1.3288,1.0424,1,2.3003,1.1988,1.0417,1,1.3847,0.98306,0.90257,1,0.69047,0.91304,0.95728,0,1.5916,0.84971,1.1367,1,1.044942381,0.790365936,1.075297925,0
1.2669,1.0045,0.91451,1,0.72286,0.88916,1.1077,0,1.3892,0.86632,0.85092,0,1.1577,0.87644,1.4024,1,1.0934,0.84351,0.77695,0,1.3433,1.0388,0.67598,0,1.1401498,0.892996601,0.802152917,0
1.0738,1.1176,0.97248,0,1.0146,1.0369,1.291,0,1.1755,1.0321,0.69667,0,1.5088,0.93884,0.80275,1,1.0865,1.1476,1.1975,0,0.9497,0.9462,0.98096,0,2.06959371,0.948945319,1.052614488,1
1.0899,1.4503,0.71279,1,1.2955,0.87325,0.77534,1,3.4173,1.2605,0.83693,1,1.2559,0.87256,0.78283,0,0.92579,1.0562,0.88366,0,2.1981,1.2997,0.8561,1,2.224043539,0.633306159,1.143670437,1
2.2469,1.3789,0.86874,1,1.8542,0.95558,1.2024,1,0.55641,0.88325,0.89474,0,1.2298,1.1051,1.0958,1,1.241,0.90602,0.9462,1,0.90034,0.77222,1.1426,0,0.820568754,0.802225831,1.336888516,0
1.3457,1.2741,0.9829,1,2.3243,1.4028,0.91026,1,1.0889,1.1576,1.5398,1,0.65424,0.80118,1.1157,0,0.83597,0.93402,0.89961,0,0.94086,1.1028,0.80085,0,0.925664884,1.055951855,1.159446412,0
1.5084,1.163,1.1965,1,0.84288,0.95768,1.1963,0,1.2528,0.84069,1.0074,1,1.1034,0.70915,0.70835,0,1.1169,1.0671,1.0177,0,0.99394,0.92175,0.67477,1,0.946790648,1.019797932,1.227693032,0
1.227,1.3224,0.93949,1,0.83893,1.418,0.90931,0,0.91763,1.0703,1.4276,0,1.5379,0.93616,1.3268,0,2.1066,0.78906,0.7135,1,0.98286,1.4282,1.1056,0,1.437385967,0.877507064,1.400327701,1
0.78017,1.0181,1.0652,1,1.3305,0.86108,1.3814,1,0.62827,1.5408,1.4087,1,1.2117,0.85384,0.95872,0,1.1054,1.1244,0.72619,1,0.90702,1.1733,1.1478,1,1.01556046,1.060722541,1.251942606,0
0.82688,0.91057,1.0198,0,1.0932,1.1067,0.69328,0,1.1475,0.75697,0.89107,0,1.3898,0.42051,1.3042,1,0.73025,0.77323,1.3554,0,1.2233,0.7306,1.6349,0,1.762708507,1.200548388,1.039490531,1
0.88057,0.82702,1.0983,1,1.6748,0.98964,0.9846,1,2.3709,0.90845,1.0141,1,1.1696,0.66209,0.79545,0,0.8165,0.72903,1.1447,0,0.78115,0.79171,1.0787,0,1.328163327,0.892187623,1.024176166,1
0.83678,1.0875,0.86289,0,0.86008,0.99205,0.98792,1,1.7345,0.94843,1.1996,1,0.91776,1.0953,0.88038,0,1.7928,1.4606,1.2485,1,0.92547,0.84229,1.0438,0,1.228266735,0.838472323,0.808589303,1
1.3034,1.1525,0.92184,1,0.75821,0.87481,0.68567,0,0.76826,0.91081,1.0605,0,1.0919,1.1116,1.1127,1,0.94313,1.1607,1.2885,0,0.78059,0.87938,0.75655,0,0.783702871,0.778888404,0.972589429,0
0.7919,1.4467,1.204,1,1.425,1.2456,0.90651,1,1.3142,1.4767,0.82469,1,1.6857,1.2338,1.0009,1,1.8725,0.9588,0.82797,1,2.2378,0.97167,1.1743,1,0.774668974,0.829546957,0.829868375,0
0.96263,1.0229,0.86486,0,1.3079,0.87386,0.85412,0,1.2099,1.2251,0.98624,0,0.6233,1.0752,1.1993,0,1.1315,0.92638,0.77201,1,0.84812,0.99801,0.85939,0,1.600156114,0.829401735,1.004732107,1
0.89768,1.0744,1.242,0,1.3064,0.74975,1.0632,1,1.9185,1.0368,1.2925,1,1.7773,1.3496,1.1973,1,0.73108,1.2938,1.1049,1,0.91713,1.1158,0.94373,1,1.441618767,0.915842198,1.264602324,1
1.2341,1.1545,1.0739,1,1.0704,1.0631,1.213,0,0.73965,0.96298,1.1129,1,1.9719,1.5157,0.65164,1,2.1999,0.65421,1.3523,1,0.97076,0.83781,0.96421,1,2.105742601,1.163320087,1.108649118,1
0.8551,1.1045,1.2281,0,1.3184,1.3567,1.087,1,0.95895,0.965,1.1012,0,1.6887,1.2624,0.88391,1,1.6358,1.0699,0.99822,1,0.76135,1.536,1.0652,0,0.965317106,0.793899147,1.205513356,0
0.94458,0.797,0.67021,1,1.1407,0.97229,1.277,0,1.0548,1.2571,0.81354,1,1.2837,1.1028,0.9899,0,0.88881,1.1667,1.3999,0,1.0068,0.76062,1.3032,0,1.605226975,1.103514533,1.012283677,1
0.80693,1.1997,1.2707,1,3.3302,1.6054,0.99524,1,1.0175,0.89077,0.64671,0,3.1362,1.6776,1.0088,1,1.0147,1.6393,1.486,0,1.2936,1.0558,1.2702,1,1.084284936,0.683240334,0.799446105,0
1.9088,1.284,0.84044,1,0.75957,1.2388,0.79461,0,0.95995,0.72235,0.8584,0,1.8727,1.0164,0.92462,1,1.4181,1.0093,0.88281,1,0.95286,1.1236,1.1102,0,1.570288008,1.000390682,1.276119733,1
1.0814,0.96638,0.92781,1,1.8553,1.0488,1.0322,1,1.2716,0.87245,0.85499,1,0.96149,0.76718,0.80109,0,0.65917,0.87986,0.61238,1,1.1303,0.97017,0.95215,1,1.379530503,1.381159493,1.237207562,1
1.205,0.73782,0.97804,1,0.99893,1.2258,0.89299,1,1.9648,1.1875,1.0688,1,0.73285,0.87709,0.90415,0,1.2887,1.7036,1.2709,1,1.4813,1.0106,1.068,1,2.482967483,1.33129692,1.015558859,1
1.2048,1.0694,0.95178,0,0.99782,0.69305,1.1634,0,3.2522,1.1441,0.64567,1,0.8755,1.0012,0.75082,1,0.75723,0.85538,0.93549,0,1.0992,0.86053,1.235,0,0.787818934,0.929519743,0.733742198,0
1.2562,0.98062,1.0252,1,2.2006,1.0454,1.2605,1,0.84959,1.2857,1.0617,0,1.0366,0.67863,0.87488,0,0.89435,0.81632,1.2233,0,1.0291,0.91808,0.94518,1,1.947305589,1.405956173,0.990333708,1
0.82202,1.251,0.82405,0,1.0623,1.2508,0.98405,1,0.79852,1.1567,0.92782,1,0.87115,0.84875,0.9216,0,0.91937,0.97556,1.0276,0,1.8172,1.175,0.81309,1,1.349209787,1.613467979,1.613860755,1
5.2445,1.02,1.2257,1,1.1172,1.3131,0.88033,1,1.129,0.76069,1.3545,0,1.1716,0.97531,0.66312,1,0.88694,0.99557,1.3585,0,0.96036,0.94439,0.78332,0,1.909316834,1.080030238,0.914488397,1
2.6274,1.5294,0.75215,1,0.97593,1.1426,0.91294,0,1.1538,0.98265,0.90288,0,0.70289,1.2824,0.87104,1,1.1874,1.1172,0.8965,0,2.5517,1.1177,0.89082,1,1.001724195,0.852973882,1.087687576,0
1.0489,1.0833,0.85998,0,2.6043,0.95856,0.93239,1,0.79479,0.68824,1.062,0,1.0946,1.1497,0.99885,0,0.96364,1.2071,0.89846,0,0.91208,0.72549,0.98394,0,0.85969054,1.092601457,0.840158631,0
1.0825,1.0347,1.481,1,1.2844,1.0329,1.0989,1,0.93609,1.1119,0.94159,0,0.8333,1.2494,1.0719,1,1.0659,0.96949,0.83128,1,0.90983,0.6134,0.85987,0,1.181759791,1.341291978,1.103896278,0
0.96562,1.1166,1.0252,0,1.6131,0.79137,1.1768,1,0.86889,1.3903,1.1364,0,1.3679,1.1074,1.1801,1,0.95348,0.83905,1.3227,0,0.97402,1.0256,1.2127,0,1.40499235,1.096258193,1.22663138,1
1.3408,1.0971,0.93723,1,1.2348,0.94672,1.0771,0,1.1608,1.3729,0.83962,1,0.99237,1.0946,1.1688,0,0.98109,0.78196,1.1108,0,1.0319,0.86654,1.2856,1,1.077216951,1.302643023,0.999385548,1
2.306,1.3508,1.18,1,1.3264,0.81079,1.3871,0,1.6825,1.5167,0.78408,1,0.99229,1.108,1.0981,0,1.2516,0.90957,0.87079,0,1.4829,1.1443,0.78808,1,0.982083,0.638795133,1.0462337,0
1.231,1.0141,1.2157,0,0.95578,1.0433,1.0924,0,1.5018,1.0182,0.97551,1,1.3152,0.80481,0.69044,0,1.0452,0.92896,1.1829,0,1.7758,1.3936,2.037,1,0.807076125,1.022817283,0.675413064,0
1.6598,1.3113,1.1901,1,1.0636,0.88239,0.82744,0,1.0524,0.90987,1.1412,1,1.0605,0.76006,0.82346,0,1.0357,1.1403,0.68316,1,1.3516,1.1349,1.2759,1,0.798855326,1.118529592,0.969506852,0
0.64605,1.1439,1.037,0,1.3446,1.2687,1.3379,1,0.98571,0.83382,0.64492,0,1.2386,0.98408,0.97175,1,1.2053,1.5518,1.3971,1,0.74829,1.1475,1.0829,1,2.239771678,1.085697601,0.929024631,1
0.96349,0.62433,0.96604,0,1.8762,1.0176,1.1438,1,0.65006,0.83402,1.1404,1,1.5428,1.2461,1.0749,1,1.054,0.92494,0.96196,1,1.0198,1.0197,1.2997,0,1.783164395,0.976712266,1.010818863,1
1.2741,1.2077,0.92391,1,1.4909,1.0825,0.95652,1,0.86334,1.1192,1.0308,0,1.5515,0.98545,1.1004,1,1.0072,0.92184,0.78971,0,0.83238,1.0721,0.78376,0,1.259599126,1.088408113,0.824959035,0
0.96968,1.1249,1.0638,1,2.2198,1.5342,1.1455,1,0.85494,1.1506,1.2123,0,0.90457,0.65023,1.5144,0,0.88565,1.0839,0.791,0,1.1015,0.80609,0.99078,0,1.550581452,1.129635868,0.519334201,1
2.0381,1.6934,1.2038,1,1.1258,0.95053,1.1206,0,1.0038,0.75909,1.1127,0,0.99043,0.81204,1.019,1,1.0423,1.2158,0.92918,1,0.88466,1.0456,1.0139,1,1.175086089,0.875638544,0.936768898,0
1.7243,1.2747,0.99753,1,0.9456,1.1399,1.1519,0,0.67162,1.2257,0.9117,1,1.2662,1.0152,1.3208,0,1.1047,0.98561,0.9119,0,1.8823,1.0076,0.83221,1,2.143371046,1.164042112,0.916553747,1
1.0679,1.2962,1.0074,1,1.5324,0.95507,1.2092,0,1.0289,1.1355,0.98435,1,0.99899,1.0558,0.95823,0,1.4522,0.87431,1.0722,1,1.0165,0.94234,0.85688,0,1.671958843,1.004022251,1.144751264,1
1.4902,1.1368,1.1963,1,0.97936,1.3038,1.0388,0,1.0499,1.3455,1.2405,0,0.92577,0.87537,0.79427,0,2.8703,1.118,1.2187,1,0.92399,1.0881,0.63551,0,1.633987359,1.516061699,0.725980507,1
1.2459,1.2263,0.91441,1,1.1093,0.77221,0.90292,0,0.71246,1.2653,0.87045,0,0.64001,0.7539,0.86531,0,2.5425,1.2039,1.7309,1,0.87822,0.8594,1.1916,0,0.659202389,0.845947481,1.104545987,0
1.2839,1.2512,0.91228,1,1.1231,1.0012,1.0054,0,1.0571,1.1353,0.89423,0,2.3362,1.1749,0.88702,1,0.99415,1.1161,0.64374,0,1.0948,0.92825,1.0127,0,1.169236988,1.045878967,1.162413305,0
0.97996,1.0663,0.76164,0,1.654,1.2823,0.5707,1,0.98059,0.93601,1.2097,0,0.84422,1.1958,1.2562,1,1.6657,1.2598,0.98491,1,1.2164,1.1909,0.83915,1,0.992187454,1.060066981,0.821553249,0
1.1341,0.66644,0.92942,0,1.1745,0.73607,0.8444,0,1.3054,0.88942,1.116,1,1.1254,1.0403,1.0738,0,1.0136,1.1025,1.0309,0,0.80633,0.83446,0.84195,0,0.650129846,0.831653666,1.01421223,0
0.82561,0.98056,0.90144,0,1.6486,1.4074,1.1333,1,1.2545,1.0196,1.0018,0,3.0286,1.019,1.1402,1,1.1872,0.8352,0.74776,1,0.94933,1.5361,0.85729,0,0.940570821,1.155340331,0.74179133,0
0.90376,0.71522,0.94186,0,1.5545,1.245,1.1079,1,1.0774,0.85441,1.0242,1,1.102,1.0109,0.66327,1,0.89292,0.93397,0.71711,0,1.5672,0.96049,1.0006,1,0.941540922,0.853694418,0.733192068,0
1.1291,1.2042,0.774,1,1.2441,1.2294,0.93988,1,0.69213,0.74717,1.2047,0,0.74293,1.0899,0.60727,0,1.1131,1.0164,1.1719,0,1.3067,0.95709,1.3186,1,0.943130802,0.854566595,1.161959078,0
1.7335,1.1786,1.0744,1,1.355,1.4225,0.84239,1,4.9465,0.97087,1.0552,1,1.1796,1.1564,0.73443,0,1.0192,1.2413,1.1427,0,1.0347,1.003,0.80327,0,2.490051035,0.945402941,0.772901019,1
1.4514,0.8981,0.84181,1,1.0563,0.91601,0.86597,0,4.3011,1.1652,0.91721,1,1.1536,1.0699,0.95843,1,1.2344,0.74348,1.0666,0,1.0062,1.3009,0.66151,0,1.611844055,1.215721854,1.000641874,1
2.0615,1.3767,1.0246,1,1.862,1.0383,1.031,1,0.88603,1.0031,1.2868,0,0.85005,0.64698,1.1221,0,1.0288,0.92551,0.97767,0,0.98793,0.90446,1.1395,0,0.967204742,1.577141825,0.944700115,0
1.2145,0.95313,1.2053,0,0.80675,0.7368,1.0787,0,0.92627,1.3391,0.81531,0,1.203,1.0029,0.84099,1,0.89615,1.003,0.85363,0,0.9645,0.67472,0.98246,0,1.025740491,1.030903154,0.779838617,0
1.0843,1.1122,1.1581,0,1.5157,0.82469,0.87894,0,1.1024,1.1027,1.0933,1,1.6139,1.0623,0.86968,1,2.9997,1.1139,0.7747,1,0.90767,1.1726,1.3801,0,1.148070335,1.184323194,1.3300523,0
0.98959,1.2662,0.8211,0,1.5919,1.1349,0.63828,0,1.0704,1.2354,0.67162,1,1.291,1.1716,1.1148,1,1.4636,1.262,0.88432,1,2.2888,1.0346,0.94881,1,1.680954144,1.107535118,0.865898621,1
0.81043,1.0893,1.2408,0,1.3529,0.84676,0.93571,1,1.2529,0.90437,0.91991,0,0.80622,1.1436,0.82242,0,1.9561,0.97996,0.82357,1,1.5417,1.4408,0.83613,1,1.899263593,1.050808489,0.883340806,1
2.3847,1.0464,1.1522,1,0.94312,1.0779,0.89444,0,1.434,2.4125,0.70407,1,1.1775,0.60704,1.2725,0,1.0517,0.97545,1.0567,0,1.3637,0.93072,1.2249,1,1.048065422,0.991631083,0.983111424,0
0.96192,1.0392,1.1489,0,1.1591,1.1356,1.0969,0,0.71935,0.97248,0.91621,1,3.05,1.1856,1.014,1,1.1863,1.5391,1.0162,0,1.3526,1.3626,0.96917,1,1.420609034,1.00021665,1.352798468,1
1.1664,1.1354,0.99535,1,1.3405,0.94473,0.81119,1,0.79914,0.84365,0.83158,0,1.6742,1.1523,0.548,0,1.311,0.87757,0.87484,0,1.4943,1.32,0.96121,1,1.050854133,0.617845737,0.88118035,0
1.6396,1.0139,0.92593,1,1.1501,0.61338,0.68847,0,0.96517,0.99998,1.0685,1,0.94009,1.3277,0.90506,0,1.112,1.2001,1.3444,0,0.8829,0.832,0.95828,0,1.089619142,0.941162554,0.931198273,1
1.9738,1.3874,0.75627,1,1.7797,1.1867,0.77347,1,3.1017,0.89246,1.1389,1,0.95186,0.99113,1.166,0,1.095,0.96079,1.0056,1,0.57674,1.2793,0.91937,0,1.246771101,1.036284654,1.314310983,1
2.8844,1.1283,1.283,1,0.68931,1.0191,1.0517,0,1.2081,0.84111,0.92811,0,0.97394,1.3083,1.142,0,1.5349,0.97328,1.4597,1,1.0694,1.0354,1.3571,0,1.598904974,1.413147234,1.083398104,1
1.5323,0.93278,0.73006,1,1.6308,0.76957,1.2605,1,1.1619,1.1281,1.0065,0,0.76956,1.1355,1.2537,0,1.2238,1.2292,0.80126,1,1.3948,1.076,0.87598,1,1.753778907,0.821510529,1.201200404,1
1.1256,1.1666,1.191,1,1.5464,1.7536,0.87318,1,0.78349,1.1319,1.2931,0,0.89052,1.3792,0.75519,0,1.0643,1.0764,1.0433,0,1.7852,0.79732,1.0481,1,1.676097682,1.268719889,0.977071827,1
1.0793,1.208,0.93289,1,0.96295,1.1218,0.9758,0,1.7899,1.1869,1.022,1,1.5888,1.3919,0.6836,1,0.91527,0.89559,0.9319,0,0.76491,0.7659,1.304,0,1.397242165,1.334674052,0.876920487,1
0.83828,0.93922,0.69566,0,1.6598,0.90925,0.81543,1,0.92059,1.2163,1.0411,1,1.776,1.5989,0.97379,1,0.96194,0.96222,1.38,0,0.86869,0.85927,1.1205,0,0.793199829,1.098919246,1.141638297,0
0.96113,0.58951,1.6775,0,1.3553,1.2019,1.0974,0,0.89373,0.88677,1.492,0,2.8127,1.3896,1.1521,1,0.85584,0.96856,1.0482,1,1.5866,1.0712,1.4694,1,1.386606721,1.147828706,0.905935778,1
1.3839,0.943,0.90643,1,1.2191,0.68705,0.54228,0,0.97982,1.5082,0.82825,1,0.87645,1.183,1.1042,0,0.89903,1.0646,0.99561,0,0.79344,1.0487,1.1531,0,1.756891459,1.542024371,1.01125954,1
1.4015,1.2897,0.61479,1,2.2858,1.1951,0.98417,1,1.0941,0.88876,0.66206,1,1.4267,1.2503,1.4437,1,1.3695,1.6341,1.1172,1,1.2005,0.87022,1.1769,1,1.137025522,0.659149498,1.028126785,0
1.2649,1.2693,0.97711,0,0.95571,0.95988,0.62683,0,2.678,1.2526,1.0214,1,0.8967,0.73354,0.91076,0,0.71544,0.85951,1.2907,0,1.1479,1.296,0.87587,1,1.90842068,0.800131887,1.112111055,1
0.86155,1.0426,1.0254,0,1.9142,0.79941,1.106,1,1.6971,0.84612,0.9191,1,1.1495,1.4495,0.96431,1,1.654,1.1761,0.80485,1,1.4899,1.0303,1.307,0,1.024533399,0.845524842,0.876627721,0
1.6945,0.9887,0.93324,1,1.3172,0.72779,0.74637,0,5.3395,1.0954,0.67873,1,0.84646,1.4888,1.1412,0,1.1155,1.0834,0.98233,0,3.1779,0.94254,0.89618,1,1.420633588,1.154864618,1.108626634,1
1.1169,1.1675,1.2885,1,1.4025,1.3938,1.3265,1,0.90339,0.82629,0.79172,0,1.0829,1.207,0.95019,0,1.5776,1.2226,0.6681,1,1.0664,0.78913,0.87393,0,0.896838943,1.180993562,1.162065803,0
0.95762,0.66802,1.1118,0,1.0899,1.0644,1.1244,1,0.85356,0.83385,1.152,0,0.69231,0.68103,1.0108,0,1.0029,0.82592,0.94705,0,0.91612,0.9859,0.78192,0,1.065469197,0.87785542,1.175566646,0
1.9585,1.2641,0.81973,1,3.4569,1.2044,1.2757,1,1.2595,1.0591,1.1253,0,1.6275,1.2202,1.0318,1,0.99045,1.2314,0.90915,0,1.2476,1.2677,1.3667,1,1.034548254,0.9518384,1.174957386,0
0.99136,1.0957,0.8452,0,1.0111,0.96824,1.1154,0,1.4706,1.1982,0.83628,1,1.5205,0.88672,0.86936,0,1.1074,0.84048,1.4546,1,1.1523,1.405,1.0309,0,0.896901275,0.970641993,1.103933155,0
1.3738,1.3932,0.79223,0,1.684,1.4936,0.75223,1,2.2392,0.63158,0.61741,1,0.86076,1.0641,0.86157,0,1.7997,1.6244,1.2014,1,2.3172,1.3819,1.0051,1,0.906190476,1.198512394,0.759102278,0
1.4429,0.97315,1.1137,1,2.0038,1.1685,0.67977,1,1.9631,1.1656,1.0637,1,1.5442,1.0188,1.1095,1,1.7089,0.7157,0.66159,1,1.7252,0.82046,0.7899,1,1.428323768,1.177713288,1.003391578,1
0.94781,1.0784,0.75294,0,1.3747,1.067,1.1218,1,1.1287,1.2248,1.1185,1,0.92581,1.3351,1.3323,0,1.1444,1.2188,0.95884,1,0.72874,1.5947,0.8488,1,1.478406289,0.973130685,1.128794231,1
0.8066,0.94773,0.92332,0,1.1643,1.3435,1.0658,0,0.72299,1.6523,1.142,0,0.84744,0.9125,0.94306,0,2.4422,0.9251,1.3678,1,1.1127,0.75871,1.1052,0,1.248072612,0.9315776,0.767806387,0
1.1571,1.2792,0.79839,0,1.0653,0.91268,1.0353,0,0.93595,1.1496,0.7285,0,0.78671,0.78573,1.0768,0,0.73246,1.1067,0.88951,0,0.89688,0.77857,1.3211,0,1.01331196,0.875770825,0.842143986,0
0.80742,1.021,1.5885,0,1.8828,0.96928,1.0076,1,0.75361,0.85233,0.90692,0,1.0174,1.1409,0.84839,1,1.7356,1.3731,1.1794,1,1.5053,1.4962,1.1223,1,1.10840967,0.932453845,1.309725604,0
1.3611,1.4523,1.2159,1,1.0347,1.2873,1.0445,0,1.6553,1.1027,0.89424,1,1.6008,0.84963,0.98581,1,1.2306,0.82927,1.1437,0,1.02,0.88104,0.81941,0,1.086171883,1.038877423,1.014204994,0
1.2029,0.95783,0.85385,0,1.1379,1.3684,0.87001,1,0.93644,1.0466,0.90462,0,1.1349,1.0007,1.4065,1,0.9472,0.87715,1.0481,0,2.0947,1.046,0.88821,1,2.005600876,0.941958808,1.143493229,1
0.87366,1.7682,1.1943,1,1.0307,1.0029,1.2222,0,0.99298,0.79156,1.35,1,2.2501,1.064,1.2032,1,1.9397,1.307,1.7012,1,0.95152,0.8762,1.0644,0,1.806242253,1.344275172,1.12277661,1
1.8327,0.93516,0.98749,1,1.1,1.2642,0.75955,0,0.94421,0.9274,0.97878,0,0.82749,0.79249,0.83521,0,2.0354,0.88123,0.99852,1,0.69159,1.2622,1.0884,0,0.950360653,0.556910665,0.874955698,0
1.4557,1.6869,1.2251,1,1.1812,1.2073,1.296,0,1.0631,1.1015,0.8688,0,0.89596,0.73406,1.0805,0,2.8942,0.96951,0.90874,1,0.94947,0.82711,1.1292,0,1.018420327,0.965732696,1.348173855,0
1.1862,1.3224,1.0539,1,2.0719,1.1898,0.82274,1,1.6839,1.272,0.63034,1,1.4717,0.98801,0.94442,1,2.4235,1.2633,1.0727,1,1.1774,0.96945,1.093,1,1.35877864,0.971014869,0.715893808,1
1.6091,0.94354,1.1642,1,1.2935,0.74683,0.72593,1,0.99689,0.77982,1.0993,1,1.1501,0.93338,0.95336,0,2.1742,1.0825,0.93146,1,1.1742,0.57915,1.3424,0,1.022136243,1.150790179,0.865207573,0
1.0139,1.4028,0.68958,1,1.0071,1.0188,1.3326,0,1.9269,1.8786,1.1606,1,1.2549,0.8787,1.0562,0,1.1529,0.80335,0.85021,0,1.0026,1.0223,1.2973,0,0.70500916,1.358022531,1.066345797,0
1.5563,0.9888,0.75913,0,0.72126,1.0066,0.9793,0,0.83185,0.93668,1.3433,1,1.0852,1.2572,1.0039,0,0.82492,0.89695,0.74359,0,1.5154,1.2489,0.76525,1,1.805364947,1.064668932,0.951710682,1
0.84723,1.2899,0.84333,1,0.92506,0.69167,0.95707,0,1.7598,0.8692,1.1265,1,0.60573,0.68312,0.86769,0,0.90896,1.2562,0.67535,0,1.2551,0.76424,1.2666,0,1.428976446,0.987350411,1.045558958,1
1.1396,1.0802,1.1152,0,0.88759,0.87827,0.84675,0,2.8235,1.5414,0.9271,1,1.5077,0.81479,1.0208,1,1.517,1.597,1.0704,1,1.3697,1.383,1.3053,1,0.938457862,1.181901726,0.959305399,0
0.84345,1.0227,0.89394,0,2.0621,0.60333,0.99619,1,0.99484,0.68129,1.5535,0,1.9192,0.84486,1.0641,1,0.78785,1.1365,0.88684,0,1.2877,1.2268,1.0586,0,1.087915212,1.134538903,0.792272699,0
1.1434,1.3627,1.034,0,1.4424,0.82879,0.82368,0,1.2144,2.1631,0.87028,1,0.94757,0.81187,1.253,0,1.3804,1.8964,1.2084,1,1.6452,1.3038,0.87033,1,0.916613818,1.088812827,0.763376005,0
0.90247,0.60669,0.95527,0,1.0566,0.85727,1.1924,0,0.75357,1.3771,1.2611,0,1.4668,1.1086,1.2948,1,1.5472,1.3291,1.519,1,1.0308,1.1138,0.96409,1,1.002090537,1.429524488,1.239023841,0
0.93388,1.0494,0.85373,0,0.89779,1.1132,1.1749,0,0.9813,0.85226,0.93672,0,1.5497,1.4181,1.1271,1,1.4175,0.82854,0.8608,1,1.4151,1.4955,1.1073,0,1.673550231,1.241844877,0.966905863,1
0.79007,0.76228,1.0151,0,2.2658,1.1633,0.86457,1,0.78883,0.96213,1.2324,0,0.94085,1.251,0.71833,0,1.2506,0.59027,0.51484,0,0.80842,1.0498,0.94157,0,1.876037038,1.157679204,0.99568989,1
0.85317,0.74573,0.89521,0,1.5307,1.2329,1.2777,1,1.093,1.3942,0.87498,1,2.3053,1.1484,1.095,1,2.0027,1.2488,1.0329,1,1.8449,0.82051,1.0533,1,1.302189223,1.000715867,0.865677625,1
1.2473,0.90832,1.0225,1,1.6528,1.0767,1.2091,1,0.9314,1.3961,0.7367,1,1.0512,0.88329,1.035,0,1.0456,1.3454,1.2365,1,0.70214,0.62949,0.9207,0,2.042324574,0.945261063,1.175641275,1
1.3778,0.86934,0.95099,1,0.96326,0.96078,1.1139,1,1.5112,0.96641,0.70895,1,0.80499,1.1948,0.78875,0,1.0699,0.83944,0.71503,0,1.0515,1.0278,0.60297,0,0.996423685,0.632162485,1.004048224,0
1.2227,0.74999,0.91823,0,1.0483,0.70585,0.82972,0,1.0208,0.86467,0.7756,1,0.92588,1.3073,1.0367,1,1.2596,1.1224,1.1259,1,1.1523,0.94246,1.2225,0,1.474414333,1.440856023,0.637142629,1
1.5741,0.7716,0.99176,0,1.096,0.95238,1.022,0,1.4016,1.2666,0.95779,1,1.1654,1.44,0.87585,0,0.81071,0.87697,0.65818,0,1.4673,0.81383,0.9987,1,1.814216048,0.905173088,1.16425558,1
1.4589,0.6466,1.2285,1,1.3986,0.75028,1.462,1,1.3597,1.1411,1.0585,1,1.136,0.787,1.2579,1,2.4734,1.2943,1.1797,1,1.3346,0.95396,1.3278,0,1.449127773,0.745723883,0.894722631,1
1.4333,1.1252,1.1343,1,0.9381,0.67161,0.81108,0,2.528,1.0686,1.0044,1,0.82231,1.0501,0.79583,0,1.4729,0.72193,1.1055,0,0.92033,0.95663,1.07,0,1.053972729,0.834532835,0.940420368,0
1.1061,1.1706,1.1462,1,1.5052,1.1623,0.9063,1,1.1742,0.88849,1.38,1,2.1636,1.1016,1.1439,1,2.5934,0.89247,1.0766,1,1.1902,1.2945,1.0957,1,1.19581167,1.204933271,1.295246531,0
0.90505,1.2577,1.2061,1,1.5009,1.1533,0.89247,0,0.96486,0.91729,0.98322,0,0.71547,1.0892,1.195,0,1.7743,0.9292,0.86688,0,1.7115,1.1133,1.0289,1,2.103135225,1.106434583,0.882501919,1
1.0929,0.97348,1.1314,1,1.7843,0.82323,0.94197,1,1.2479,0.92492,1.0153,1,0.80701,0.90591,1.1791,0,1.8947,1.0903,1.3083,1,1.041,1.1957,0.94961,0,1.752972292,1.094470018,1.018215234,1
0.93356,1.5121,1.1916,0,2.467,1.2257,0.89217,1,0.79989,0.68753,0.94015,0,1.2139,1.3752,1.0516,1,1.222,1.026,0.73692,0,0.89175,1.2054,1.2092,0,0.874203417,1.085748328,1.174816119,0
1.3011,0.88789,1.142,0,0.98075,0.70477,1.1429,0,1.4177,0.89647,0.68919,0,0.92533,0.82514,0.76639,0,0.91858,1.1758,0.90133,1,0.85495,0.83004,1.1376,0,0.806348976,1.20539224,0.603101239,1
1.7137,0.92287,0.65218,1,0.90578,0.93334,1.3322,0,0.69727,1.132,1.2038,0,2.2485,1.7655,1.4616,1,0.85923,1.4827,1.0995,1,1.3305,0.95547,1.1321,1,1.114029314,0.667804418,0.770545668,0
1.4649,0.84297,1.4307,1,0.94991,0.96881,1.0368,0,0.96644,1.0198,1.1134,0,1.0012,0.91775,1.1573,0,1.3201,1.0744,1.0189,1,1.3215,0.97291,1.2215,1,1.235501299,0.883281394,0.871179832,1
1.6868,1.6371,1.3584,1,1.6895,1.1816,0.79708,1,0.69614,0.73597,0.91214,1,0.78339,1.0287,1.3034,1,1.023,0.74558,0.58856,0,1.339,0.99663,1.1282,0,1.603752322,1.277304035,1.131050609,1
1.3542,1.2907,0.95087,1,1.4597,1.0653,0.74588,1,1.0498,1.0556,0.97652,1,1.1821,1.3441,0.82578,1,0.90226,1.1628,1.1852,0,1.5693,0.86419,0.97154,1,1.292236094,0.972766514,0.933464627,0
1.0011,1.0263,0.6388,0,1.1996,1.0896,0.78453,0,0.63597,0.78128,0.92576,0,1.12,1.3285,1.1295,0,0.77471,0.62946,1.5066,0,1.0644,1.0021,0.71544,1,1.6138771,0.919543123,0.879773976,1
2.8309,0.61857,0.98385,1,2.6958,1.336,0.9671,1,1.2274,1.1572,1.4179,1,2.4729,1.8109,0.97051,1,0.90422,0.73322,0.88172,0,1.7854,0.94449,0.83182,1,0.944361991,1.019118433,1.03621452,0
1.1493,0.91414,0.97885,0,1.174,1.0733,1.1038,0,1.0178,0.58495,1.2294,0,1.2865,1.3586,1.5711,1,1.4991,1.2056,0.91926,1,0.94251,1.0228,1.2198,1,0.932570628,0.970348266,0.75616987,0
1.483,0.75105,1.046,1,1.5307,1.2116,1.2545,1,1.1996,0.70774,0.8221,0,1.201,1.2014,1.0845,1,1.3328,1.2061,1.3794,1,1.119,1.0639,0.68923,0,0.996860924,1.037307771,0.999468851,0
0.73698,0.75244,0.73028,0,1.0152,0.96615,0.83925,0,0.71667,0.85872,1.1382,1,1.0226,0.81073,1.383,1,1.2078,1.1705,1.3639,1,1.6637,0.94407,1.1806,1,1.041871272,1.035668327,0.949868072,0
0.89772,0.88989,0.99822,0,1.0923,0.83133,0.92676,1,0.91385,0.92756,1.4767,1,0.75457,1.2159,0.99299,0,1.5315,1.0644,1.2142,0,1.9118,1.223,1.1185,1,1.238373921,0.895971204,1.501144691,0
1.8634,1.1449,1.0232,1,0.94283,1.01,0.83604,0,2.2739,1.529,0.89057,1,1.1027,1.4191,0.92965,1,1.4008,1.0056,1.022,1,0.95605,0.94667,1.1888,0,1.828906224,0.940285601,0.946895196,1
1.1038,1.2936,1.0817,1,0.87128,1.1887,1.1616,1,1.1094,1.0686,0.70356,0,1.0712,0.77324,1.2313,1,1.3937,1.3667,0.76889,1,1.2705,0.95457,1.3202,1,2.16291832,1.568323204,1.001531851,1
1.0231,1.1702,1.0275,1,1.5731,1.1967,1.031,1,1.5169,0.88862,0.76246,1,1.3654,1.0856,0.8939,1,0.99683,0.76876,0.80573,0,2.837,0.92791,1.2459,1,1.102211966,0.930968419,1.024650986,0
1.3384,1.4121,0.82115,1,1.5604,1.1884,1.0202,1,2.4389,0.69594,0.89327,1,1.1606,1.1182,0.96281,1,0.9746,0.67091,1.1432,0,1.15,1.0677,0.77197,0,1.392804423,1.24507818,0.912435749,1
0.94204,0.92798,1.5388,0,1.2605,0.63198,1.1357,1,2.304,0.92288,1.1438,1,4.8886,1.065,0.64068,1,1.0394,1.0834,1.1024,1,0.86664,1.0792,1.2874,0,1.445392776,1.291787671,0.985980365,1
0.74373,1.46,0.78524,0,1.2249,1.0463,1.1962,0,0.87697,0.96646,0.96408,0,1.2114,0.91237,1.0534,1,1.6997,1.0636,0.86046,1,0.83879,0.91762,1.0105,0,1.729999352,1.03820584,1.238834685,1
1.2507,1.1153,0.93816,1,1.9243,1.4023,1.09,1,1.2828,1.1561,1.4555,1,1.2258,1.2544,1.4302,1,1.1384,0.8265,1.0074,0,0.75293,1.0136,1.083,0,1.351811519,1.206911115,1.07112244,1
1.6594,0.89222,0.89065,1,0.75589,1.1172,0.95775,0,0.56714,1.0937,0.70412,0,1.0029,1.1979,1.073,0,1.3777,1.0685,0.92208,0,0.86262,0.9853,0.81195,0,0.910303972,0.759721882,1.048183794,0
1.1528,0.83215,0.97201,0,1.461,1.0256,1.044,1,2.1998,0.8886,0.58907,1,0.91082,1.1566,1.146,0,2.125,1.1325,1.0962,1,0.87713,1.0869,1.0695,1,1.311266497,1.081805305,1.133619156,0
0.88365,1.1387,0.81733,0,1.2154,0.6673,0.93574,1,1.1068,1.068,1.0498,1,3.2524,1.3035,0.63552,1,2.9494,0.93766,1.1772,1,0.58527,0.90553,1.1887,0,0.900301852,0.869585638,1.04341552,0
1.1385,1.9609,0.85835,1,1.5097,1.3187,1.1938,1,1.1358,0.84837,1.2247,1,1.0053,1.2646,0.85,0,0.41089,0.95385,0.74226,0,0.74564,0.81481,1.3333,0,1.835572012,0.650938047,1.206690863,1
1.0999,1.1416,0.85963,1,1.1196,1.0866,0.83454,0,1.0343,1.0197,0.81887,0,1.9587,1.1167,0.78174,1,0.87919,1.1819,1.4444,0,1.2053,0.9941,1.188,0,0.813065454,0.943178663,1.178330112,0
0.80873,0.86315,1.3294,0,1.7068,1.0462,0.87311,1,1.184,1.1389,1.0607,1,1.0964,0.79734,1.1498,1,0.94292,0.84392,1.2704,0,1.0002,1.0638,0.9016,0,0.940294904,0.896683897,0.665389288,0
1.0523,0.84686,1.145,0,0.79861,1.049,0.79682,0,1.2982,1.1058,0.72899,0,1.1605,1.4076,0.8317,0,1.2079,0.81631,0.90097,0,1.3675,1.0488,1.1333,0,1.314909187,1.027186238,1.244185169,1
0.94761,0.71697,1.0426,0,2.0518,0.94436,0.92362,1,3.4419,1.4023,1.0099,1,1.7993,1.2856,1.2837,1,0.67206,0.71618,1.3138,0,1.2674,1.0951,1.0381,1,1.1126732,1.068004609,0.834909072,0
0.90899,0.90129,0.70691,0,1.0205,1.169,1.1623,0,1.2848,0.64993,1.3379,0,1.3921,1.2849,0.76642,1,1.1697,1.2791,0.76259,0,2.2246,1.265,0.96635,1,1.823409271,1.08049559,0.83957066,1
1.5351,1.3691,0.88733,1,2.3928,1.3155,0.67575,1,1.5309,1.3734,1.2076,1,1.9055,0.93451,0.93812,1,1.3787,0.89188,0.9114,1,1.1495,0.79561,1.1635,0,0.968986673,1.020562194,0.921466725,0
